user,community
1,0
2,2
3,0
4,0
5,2
6,2
7,0
8,3
9,3
10,3
11,2
12,3
13,2
14,3
15,2
16,3
17,4
18,6
19,6
20,6
21,6
22,3
23,7
24,3
25,6
26,0
27,7
28,7
29,15
30,0
31,0
32,3
33,0
34,10
35,7
36,6
37,6
38,10
39,7
40,6
41,4
42,0
43,0
44,6
45,6
46,6
47,6
48,13
49,3
50,0
51,6
52,13
53,14
54,14
55,0
56,6
57,15
58,3
59,15
60,0
61,0
62,10
63,6
64,2
65,6
66,11
67,3
68,13
69,15
70,15
71,0
72,0
73,11
74,11
75,10
76,4
77,3
78,10
79,6
80,15
81,15
82,6
83,10
84,2
85,7
86,13
87,7
88,13
89,6
90,7
91,15
92,15
93,6
94,3
95,6
96,2
97,4
98,4
99,0
100,15
101,15
102,4
103,11
104,15
105,0
106,0
107,0
108,7
109,3
110,13
111,6
112,6
113,6
114,6
115,4
116,6
117,6
118,10
119,13
120,13
121,7
122,0
123,15
124,13
125,4
126,4
127,6
128,4
129,6
130,3
131,4
132,0
133,6
134,11
135,0
136,2
137,2
138,2
139,6
140,3
141,6
142,7
143,3
144,7
145,13
146,0
147,4
148,3
149,1
150,3
151,3
152,15
153,3
154,6
155,0
156,4
157,13
158,6
159,0
160,2
161,0
162,0
163,0
164,3
165,2
166,2
167,4
168,4
169,4
170,6
171,6
172,3
173,0
174,6
175,13
176,15
177,4
178,3
179,3
180,4
181,15
182,15
183,7
184,15
185,4
186,4
187,4
188,2
189,6
190,15
191,2
192,4
193,10
194,15
195,7
196,15
197,15
198,15
199,3
200,15
201,3
202,2
203,0
204,15
205,15
206,15
207,15
208,15
209,1
210,11
211,6
212,2
213,6
214,6
215,6
216,4
217,15
218,15
219,3
220,6
221,6
222,6
223,0
224,2
225,0
226,2
227,3
228,14
229,5
230,5
231,2
232,6
233,10
234,6
235,2
236,4
237,2
238,15
239,15
240,7
241,4
242,4
243,15
244,7
245,14
246,6
247,15
248,15
249,13
250,10
251,6
252,2
253,14
254,13
255,0
256,3
257,7
258,4
259,3
260,6
261,1
262,15
263,13
264,6
265,7
266,10
267,6
268,1
269,7
270,4
271,15
272,11
273,3
274,2
275,6
276,7
277,15
278,7
279,13
280,4
281,13
282,3
283,15
284,15
285,10
286,2
287,6
288,10
289,1
290,7
291,0
292,13
293,2
294,6
295,15
296,15
297,4
298,13
299,3
300,14
301,6
302,13
303,2
304,14
305,2
306,2
307,13
308,13
309,15
310,0
311,13
312,0
313,10
314,3
315,15
316,4
317,13
318,13
319,4
320,3
321,14
322,1
323,13
324,6
325,4
326,11
327,2
328,13
329,6
330,3
331,6
332,13
333,13
334,3
335,2
336,3
337,11
338,4
339,13
340,6
341,13
342,0
343,3
344,13
345,6
346,6
347,2
348,4
349,4
350,0
351,10
352,15
353,15
354,0
355,4
356,4
357,6
358,6
359,10
360,3
361,7
362,15
363,4
364,4
365,6
366,0
367,13
368,10
369,7
370,4
371,10
372,3
373,13
374,15
375,15
376,2
377,2
378,2
379,11
380,15
381,13
382,4
383,14
384,14
385,6
386,4
387,4
388,2
389,4
390,1
391,1
392,14
393,0
394,4
395,3
396,2
397,0
398,0
399,4
400,2
401,2
402,13
403,13
404,0
405,0
406,15
407,3
408,2
409,6
410,3
411,14
412,14
413,2
414,7
415,7
416,2
417,15
418,6
419,6
420,6
421,4
422,4
423,3
424,13
425,2
426,13
427,13
428,2
429,15
430,3
431,11
432,6
433,2
434,2
435,13
436,7
437,4
438,2
439,2
440,2
441,7
442,7
443,2
444,2
445,15
446,2
447,13
448,15
449,1
450,15
451,3
452,2
453,15
454,4
455,13
456,0
457,0
458,13
459,11
460,4
461,3
462,11
463,2
464,11
465,0
466,14
467,4
468,10
469,2
470,0
471,6
472,13
473,1
474,0
475,10
476,6
477,0
478,6
479,7
480,2
481,2
482,1
483,10
484,6
485,2
486,3
487,3
488,0
489,3
490,15
491,14
492,1
493,13
494,4
495,15
496,10
497,0
498,15
499,2
500,6
501,4
502,10
503,11
504,2
505,6
506,14
507,3
508,3
509,4
510,4
511,13
512,6
513,2
514,2
515,15
516,15
517,2
518,8
519,6
520,13
521,2
522,3
523,15
524,15
525,6
526,0
527,3
528,6
529,3
530,15
531,3
532,3
533,3
534,4
535,10
536,3
537,15
538,13
539,2
540,13
541,2
542,4
543,4
544,15
545,2
546,4
547,6
548,4
549,13
550,14
551,10
552,6
553,0
554,11
555,2
556,11
557,13
558,13
559,4
560,4
561,13
562,13
563,7
564,0
565,15
566,6
567,4
568,2
569,3
570,2
571,4
572,2
573,4
574,7
575,10
576,1
577,2
578,2
579,6
580,6
581,13
582,0
583,6
584,6
585,15
586,2
587,2
588,2
589,2
590,2
591,7
592,6
593,6
594,10
595,3
596,15
597,6
598,3
599,13
600,6
601,3
602,4
603,6
604,10
605,11
606,3
607,4
608,4
609,15
610,14
611,0
612,4
613,4
614,15
615,15
616,4
617,11
618,0
619,15
620,7
621,0
622,6
623,4
624,3
625,4
626,0
627,2
628,6
629,4
630,4
631,4
632,13
633,4
634,3
635,13
636,2
637,13
638,13
639,2
640,11
641,2
642,13
643,13
644,7
645,4
646,13
647,13
648,2
649,15
650,0
651,2
652,7
653,10
654,7
655,4
656,4
657,4
658,10
659,15
660,15
661,15
662,4
663,10
664,4
665,4
666,4
667,15
668,4
669,0
670,4
671,4
672,4
673,11
674,13
675,11
676,2
677,0
678,2
679,0
680,11
681,13
682,3
683,2
684,3
685,4
686,15
687,2
688,11
689,0
690,2
691,6
692,10
693,10
694,10
695,10
696,2
697,13
698,15
699,14
700,11
701,11
702,11
703,2
704,11
705,14
706,15
707,4
708,6
709,2
710,14
711,7
712,6
713,4
714,4
715,4
716,4
717,4
718,4
719,13
720,0
721,13
722,6
723,2
724,15
725,13
726,4
727,11
728,13
729,1
730,13
731,2
732,3
733,11
734,11
735,8
736,10
737,2
738,0
739,13
740,4
741,13
742,11
743,14
744,13
745,13
746,4
747,1
748,4
749,0
750,4
751,1
752,10
753,13
754,14
755,2
756,7
757,2
758,13
759,13
760,4
761,1
762,13
763,4
764,15
765,2
766,3
767,3
768,0
769,4
770,6
771,0
772,0
773,2
774,2
775,4
776,2
777,15
778,10
779,13
780,4
781,13
782,13
783,15
784,15
785,15
786,15
787,0
788,13
789,10
790,8
791,15
792,9
793,15
794,15
795,7
796,1
797,6
798,2
799,3
800,4
801,10
802,13
803,14
804,6
805,4
806,2
807,4
808,7
809,7
810,13
811,2
812,6
813,15
814,6
815,15
816,2
817,15
818,6
819,1
820,3
821,10
822,1
823,15
824,2
825,3
826,6
827,0
828,2
829,1
830,4
831,15
832,15
833,2
834,0
835,1
836,15
837,6
838,2
839,13
840,15
841,11
842,4
843,10
844,6
845,7
846,2
847,6
848,11
849,6
850,15
851,0
852,7
853,11
854,11
855,15
856,0
857,0
858,11
859,6
860,0
861,10
862,2
863,15
864,15
865,6
866,0
867,13
868,6
869,15
870,3
871,2
872,0
873,7
874,13
875,13
876,3
877,4
878,1
879,6
880,4
881,11
882,3
883,3
884,3
885,10
886,13
887,9
888,2
889,2
890,0
891,2
892,2
893,15
894,2
895,2
896,2
897,2
898,15
899,7
900,3
901,3
902,2
903,0
904,2
905,2
906,11
907,2
908,4
909,2
910,2
911,2
912,15
913,6
914,15
915,11
916,7
917,3
918,6
919,13
920,11
921,3
922,0
923,13
924,4
925,6
926,13
927,3
928,3
929,11
930,11
931,13
932,15
933,15
934,4
935,2
936,2
937,15
938,3
939,15
940,3
941,2
942,4
943,10
944,15
945,4
946,6
947,6
948,11
949,0
950,15
951,0
952,2
953,7
954,7
955,4
956,7
957,0
958,11
959,11
960,6
961,0
962,4
963,6
964,0
965,3
966,13
967,13
968,10
969,13
970,14
971,3
972,3
973,11
974,3
975,15
976,9
977,15
978,3
979,3
980,2
981,15
982,3
983,9
984,15
985,9
986,6
987,15
988,3
989,15
990,6
991,6
992,13
993,15
994,15
995,11
996,6
997,7
998,15
999,4
1000,3
1001,4
1002,3
1003,15
1004,15
1005,4
1006,9
1007,13
1008,15
1009,4
1010,2
1011,13
1012,4
1013,0
1014,0
1015,1
1016,7
1017,7
1018,6
1019,2
1020,2
1021,15
1022,7
1023,15
1024,6
1025,15
1026,15
1027,0
1028,6
1029,4
1030,7
1031,0
1032,15
1033,0
1034,11
1035,3
1036,9
1037,3
1038,1
1039,0
1040,4
1041,4
1042,13
1043,4
1044,13
1045,7
1046,0
1047,2
1048,2
1049,4
1050,15
1051,11
1052,13
1053,3
1054,2
1055,0
1056,2
1057,15
1058,6
1059,4
1060,3
1061,0
1062,0
1063,1
1064,15
1065,2
1066,15
1067,11
1068,0
1069,4
1070,3
1071,3
1072,4
1073,13
1074,13
1075,6
1076,13
1077,14
1078,11
1079,11
1080,13
1081,3
1082,13
1083,13
1084,15
1085,15
1086,15
1087,15
1088,15
1089,2
1090,11
1091,3
1092,15
1093,15
1094,6
1095,0
1096,4
1097,2
1098,6
1099,3
1100,13
1101,4
1102,2
1103,2
1104,13
1105,10
1106,3
1107,6
1108,15
1109,0
1110,13
1111,3
1112,10
1113,15
1114,10
1115,2
1116,15
1117,0
1118,3
1119,15
1120,2
1121,7
1122,2
1123,9
1124,13
1125,0
1126,1
1127,3
1128,11
1129,0
1130,10
1131,2
1132,13
1133,6
1134,0
1135,15
1136,13
1137,3
1138,14
1139,14
1140,13
1141,0
1142,6
1143,0
1144,0
1145,0
1146,15
1147,0
1148,0
1149,0
1150,0
1151,0
1152,0
1153,15
1154,1
1155,4
1156,0
1157,0
1158,4
1159,7
1160,15
1161,15
1162,10
1163,4
1164,13
1165,4
1166,11
1167,10
1168,11
1169,6
1170,2
1171,13
1172,7
1173,7
1174,0
1175,3
1176,0
1177,6
1178,7
1179,15
1180,7
1181,13
1182,15
1183,0
1184,7
1185,14
1186,15
1187,15
1188,0
1189,1
1190,0
1191,0
1192,0
1193,0
1194,0
1195,11
1196,3
1197,3
1198,15
1199,15
1200,7
1201,13
1202,14
1203,3
1204,15
1205,15
1206,3
1207,6
1208,0
1209,11
1210,0
1211,0
1212,0
1213,15
1214,15
1215,13
1216,3
1217,1
1218,11
1219,9
1220,14
1221,6
1222,15
1223,15
1224,10
1225,0
1226,14
1227,0
1228,2
1229,0
1230,15
1231,11
1232,15
1233,10
1234,3
1235,13
1236,15
1237,15
1238,0
1239,15
1240,3
1241,15
1242,3
1243,4
1244,4
1245,1
1246,6
1247,11
1248,7
1249,11
1250,13
1251,7
1252,7
1253,0
1254,3
1255,1
1256,4
1257,11
1258,3
1259,15
1260,13
1261,13
1262,7
1263,4
1264,14
1265,0
1266,0
1267,13
1268,0
1269,15
1270,15
1271,0
1272,9
1273,0
1274,0
1275,4
1276,0
1277,7
1278,7
1279,15
1280,13
1281,0
1282,11
1283,14
1284,15
1285,15
1286,1
1287,13
1288,0
1289,2
1290,11
1291,0
1292,4
1293,15
1294,0
1295,14
1296,3
1297,13
1298,11
1299,10
1300,13
1301,15
1302,4
1303,3
1304,0
1305,15
1306,6
1307,0
1308,0
1309,0
1310,6
1311,4
1312,3
1313,3
1314,14
1315,14
1316,0
1317,13
1318,13
1319,13
1320,6
1321,15
1322,11
1323,3
1324,13
1325,9
1326,9
1327,7
1328,2
1329,0
1330,13
1331,15
1332,1
1333,0
1334,0
1335,1
1336,13
1337,3
1338,13
1339,1
1340,15
1341,14
1342,1
1343,1
1344,1
1345,0
1346,14
1347,13
1348,15
1349,0
1350,14
1351,13
1352,0
1353,6
1354,4
1355,0
1356,0
1357,0
1358,3
1359,1
1360,0
1361,0
1362,11
1363,6
1364,6
1365,6
1366,6
1367,15
1368,6
1369,4
1370,1
1371,13
1372,14
1373,0
1374,14
1375,15
1376,11
1377,0
1378,4
1379,13
1380,4
1381,14
1382,14
1383,14
1384,2
1385,6
1386,6
1387,3
1388,14
1389,14
1390,14
1391,2
1392,6
1393,6
1394,15
1395,3
1396,3
1397,6
1398,6
1399,1
1400,6
1401,15
1402,13
1403,6
1404,9
1405,0
1406,3
1407,1
1408,7
1409,4
1410,2
1411,6
1412,13
1413,9
1414,0
1415,0
1416,14
1417,7
1418,0
1419,0
1420,7
1421,2
1422,15
1423,15
1424,10
1425,7
1426,13
1427,10
1428,0
1429,0
1430,6
1431,0
1432,14
1433,15
1434,6
1435,15
1436,4
1437,1
1438,10
1439,4
1440,0
1441,9
1442,3
1443,0
1444,9
1445,9
1446,9
1447,7
1448,2
1449,2
1450,3
1451,3
1452,1
1453,6
1454,1
1455,0
1456,15
1457,15
1458,15
1459,15
1460,15
1461,0
1462,0
1463,0
1464,6
1465,6
1466,6
1467,11
1468,11
1469,0
1470,0
1471,6
1472,15
1473,6
1474,15
1475,1
1476,4
1477,0
1478,15
1479,10
1480,13
1481,1
1482,0
1483,6
1484,6
1485,6
1486,0
1487,0
1488,8
1489,1
1490,0
1491,1
1492,6
1493,4
1494,7
1495,0
1496,3
1497,3
1498,4
1499,0
1500,7
1501,4
1502,15
1503,15
1504,0
1505,2
1506,0
1507,0
1508,13
1509,0
1510,3
1511,0
1512,0
1513,4
1514,0
1515,0
1516,0
1517,3
1518,0
1519,3
1520,3
1521,3
1522,3
1523,0
1524,3
1525,13
1526,10
1527,7
1528,4
1529,15
1530,0
1531,15
1532,7
1533,1
1534,0
1535,6
1536,8
1537,6
1538,3
1539,1
1540,15
1541,13
1542,11
1543,10
1544,0
1545,3
1546,1
1547,7
1548,2
1549,6
1550,7
1551,6
1552,10
1553,10
1554,11
1555,2
1556,7
1557,7
1558,0
1559,0
1560,1
1561,13
1562,3
1563,1
1564,15
1565,15
1566,6
1567,6
1568,15
1569,15
1570,7
1571,7
1572,0
1573,1
1574,0
1575,8
1576,4
1577,3
1578,6
1579,3
1580,0
1581,13
1582,3
1583,4
1584,4
1585,4
1586,7
1587,4
1588,4
1589,4
1590,1
1591,3
1592,1
1593,13
1594,3
1595,7
1596,7
1597,7
1598,0
1599,0
1600,15
1601,11
1602,13
1603,3
1604,6
1605,13
1606,10
1607,7
1608,1
1609,0
1610,7
1611,7
1612,7
1613,6
1614,3
1615,14
1616,7
1617,4
1618,1
1619,13
1620,1
1621,0
1622,1
1623,7
1624,13
1625,15
1626,0
1627,6
1628,1
1629,13
1630,4
1631,13
1632,0
1633,10
1634,2
1635,4
1636,14
1637,1
1638,10
1639,1
1640,1
1641,14
1642,3
1643,11
1644,6
1645,3
1646,10
1647,1
1648,6
1649,1
1650,3
1651,3
1652,3
1653,1
1654,1
1655,13
1656,3
1657,14
1658,6
1659,3
1660,14
1661,4
1662,15
1663,0
1664,6
1665,4
1666,11
1667,14
1668,15
1669,12
1670,12
1671,13
1672,4
1673,0
1674,1
1675,0
1676,15
1677,11
